Quelle,Kaputter Link,Typ
/,/blog/gamespreis-2026-kategoriepreise/gameslab-logo-quer.png,intern
/blog/,/blog/gamespreis-2026-kategoriepreise/gameslab-logo-quer.png,intern
/blog/bastelanleitung-heisser-draht-spiel/,https://kidslab.de/heisser-draht-level-2/,extern
/blog/bastelanleitung-heisser-draht-spiel/,https://kidslab.de/wp-content/uploads/2020/12/5-Test.mov,extern
/blog/benutzung-des-video-chats/,https://kidslab.de/live/VideoChatTest,extern
/blog/benutzung-des-video-chats/,https://kidslab.de/wp-content/uploads/2020/06/Bildschirm-teilen.pdf%29%28https://kidslab.de/wp-content/uploads/2020/06/Bildschirm-teilen.pdf,extern
/blog/calliope-als-corona-scanner-scanner/,https://kidslab.de/calliope-mini/,extern
/blog/der-schwebende-ball/,https://kidslab.de/wp-content/uploads/2020/05/Der-schwebende-Ball-1.pdf%29%28https://kidslab.de/wp-content/uploads/2020/05/Der-schwebende-Ball-1.pdf,extern
/blog/heisser-draht-level-2/,https://kidslab.de/bastelanleitung-heisser-draht-spiel/%29hast,extern
/blog/kidslab-ferienprogramm-bei-tschamp/,http://www.tschamp.augsburg.de/public/calendar,extern
/blog/kidslab-ferienprogramm-bei-tschamp/,http://www.tschamp.augsburg.de/public/calendar/detail/fk_termin/9740,extern
/blog/kidslab-ferienprogramm-bei-tschamp/,http://www.tschamp.augsburg.de/public/calendar/detail/fk_termin/9810,extern
/blog/kidslab-ferienprogramm-bei-tschamp/,https://kidslab.de/calliope-mini/%29und,extern
/blog/kidslab-ferienprogramm-bei-tschamp/,https://www.tschamp.augsburg.de/public/calendar/detail/fk_termin/9736,extern
/blog/kidslab-ferienprogramm-bei-tschamp/,https://www.tschamp.augsburg.de/public/calendar/detail/fk_termin/9738,extern
/blog/kidslab-ferienprogramm-bei-tschamp/,https://www.tschamp.augsburg.de/public/calendar/detail/fk_termin/9741,extern
/blog/kidslab-ferienprogramm-bei-tschamp/,https://www.tschamp.augsburg.de/public/calendar/detail/fk_termin/9742,extern
/blog/kidslab-ferienprogramm-bei-tschamp/,https://www.tschamp.augsburg.de/public/calendar/detail/fk_termin/9808,extern
/blog/kidslab-ferienprogramm-bei-tschamp/,https://www.tschamp.augsburg.de/public/calendar/detail/fk_termin/9809,extern
/blog/kidslab-ferienprogramm-bei-tschamp/,https://www.tschamp.augsburg.de/public/veranstaltungsbilder/5bb03a91f1ac88372d31a36a52feeab5.jpg,extern
/blog/kidslab-rc3/,https://kidslab.de/vortrag-zu-minecraft-auf-dem-36c3/,extern
/blog/kostenloser-online-workshop-zum-welt-papierflieger-tag/,https://de.wikipedia.org/wiki/Papierflieger%29,extern
/blog/kostenloser-online-workshop-zum-welt-papierflieger-tag/,https://kidslab.de/produkt/alles-was-fliegt-welt-papierfliegertag/,extern
/blog/lego-mindstorms/,https://kidslab.de/lego-wedo-2-0/%29,extern
/blog/medien-drache-gemeinsames-3d-design/,https://www.augsburg.de/umwelt-soziales/kinder-und-jugendliche/medienpaedagogik/augsburger-medienscouts%29-Drache,extern
/blog/minecraft-alt/,https://handbuch.kidslab.de/minecraft/allgemeines/installation%29,extern
/blog/minecraft-alt/,https://kidslab.de/kurs/online-programmieren-in-minecraft/,extern
/blog/newsletter-september-2020/,https://kidslab.de/produkt/winkekatzen-orchester-mit-calliope/,extern
/blog/programmieren-in-minecraft-kostenlose-youtube-videos/,https://kidslab.de/kurs/online-programmieren-in-minecraft/,extern
/blog/robotics-feriencamp-sommerferien-2021-in-augsburg/,https://www.fill.de/templates/beez/images/logo.gif,extern
/blog/scratch/,https://kidslab.de/lego-mindstorms/,extern
/blog/scratch/,https://kidslab.de/lego-wedo-2-0/,extern
/blog/warum-kann-ein-flugzeug-fliegen-4-april-2020-1115-bis-1300/,https://openlab-augsburg.de/kontakt/,extern
/blog/zocken-fuer-die-zukunft-mit-minetest-digitale-zukunftswerkstaetten-gestalten/,https://kidslab.de/wp-content/uploads/2023/04/H_LoFG-7-H_FP-FG-Aufmacher_Mittelschule.pdf%29%28https://kidslab.de/wp-content/uploads/2023/04/H_LoFG-7-H_FP-FG-Aufmacher_Mittelschule.pdf,extern
/gameslab/gameslab-handbuch/,https://github.com/KidsLabDe/GamesLab-Handbuch/raw/refs/heads/main/Lehrerhandbuch/GamesLab-Handbuch-Lehrkr%C3%A4fte.pdf,extern
/gameslab/gameslab-handbuch/,https://raw.githubusercontent.com/KidsLabDe/GamesLab-Handbuch/refs/heads/main/pdf/GamesLab,extern
/gameslab/gamespreis/,/blog/gamespreis-2026-kategoriepreise/gameslab-logo-quer.png,intern
/gameslab/gamespreis/2026/,/blog/gamespreis-2026-kategoriepreise/gameslab-logo-quer.png,intern
/minecraft/,https://de.wikipedia.org/wiki/Mod_(Computerspiel)#Minecraft,extern
/minecraft/selber-machen/installation/apple-silicon/,https://prismlauncher.org/download/mac/,extern
/tags/gamespreis/,/blog/gamespreis-2026-kategoriepreise/gameslab-logo-quer.png,intern
/ueber-kidslab/partner/,/@/page/bjjyserbhxvzaerh,intern
/ueber-kidslab/partner/,/@/page/llalgvxm6araixaq,intern
/ueber-kidslab/partner/,/@/page/q7voqyjytkmf5reh,intern
/ueber-kidslab/partner/,https://beta.kidslab.de/digitale-zukunftsnaechte-the-future-is-yours/,extern
